,Iteration,Highest Network Fitness,Iteration Highest Network Fitness,Average Network Fitness
0,1,8.01,8.01,8.009999999999994
1,2,8.01,8.01,8.009999999999994
2,3,8.01,8.01,8.009999999999994
3,4,8.01,8.01,8.009999999999994
4,5,8.01,8.01,8.009999999999994
5,6,8.01,8.01,8.009999999999994
6,7,8.01,8.01,8.009999999999994
7,8,8.01,8.01,5.743018867924525
