,Iteration,Highest Network Fitness,Iteration Highest Network Fitness,Average Network Fitness
0,1,0.01,0.01,0.010000000000000004
1,2,0.01,0.01,0.010000000000000004
2,3,0.01,0.01,0.010000000000000004
3,4,0.01,0.01,0.010000000000000004
4,5,0.01,0.01,0.010000000000000004
5,6,0.01,0.01,0.010000000000000004
6,7,0.01,0.01,0.010000000000000004
7,8,0.01,0.01,0.0014000000000000002
