,Iteration,Highest Network Fitness,Iteration Highest Network Fitness,Average Network Fitness
0,1,0.01,0.01,0.010000000000000004
1,2,0.01,0.01,0.010000000000000004
2,3,0.01,0.01,0.0036000000000000003
